mismatch_type,entity,key,field,parquet_value,database_value,normalized_parquet_value,normalized_database_value,waived,waiver_reason
extra_in_database,monthly_batches,"{""id"": 37}",,,,,,False,
extra_in_database,monthly_batches,"{""id"": 38}",,,,,,False,
extra_in_database,monthly_batches,"{""id"": 39}",,,,,,False,
extra_in_database,monthly_batches,"{""id"": 40}",,,,,,False,
extra_in_database,monthly_batches,"{""id"": 41}",,,,,,False,
extra_in_database,monthly_batches,"{""id"": 42}",,,,,,False,
extra_in_database,monthly_batches,"{""id"": 43}",,,,,,False,
extra_in_database,monthly_batches,"{""id"": 44}",,,,,,False,
extra_in_database,monthly_batches,"{""id"": 45}",,,,,,False,
extra_in_database,monthly_batches,"{""id"": 46}",,,,,,False,
extra_in_database,monthly_batches,"{""id"": 47}",,,,,,False,
extra_in_database,monthly_batches,"{""id"": 48}",,,,,,False,
extra_in_database,monthly_batches,"{""id"": 51}",,,,,,False,
extra_in_database,monthly_batches,"{""id"": 52}",,,,,,False,
extra_in_database,monthly_batches,"{""id"": 53}",,,,,,False,
extra_in_database,monthly_batches,"{""id"": 54}",,,,,,False,
extra_in_database,monthly_batches,"{""id"": 55}",,,,,,False,
extra_in_database,monthly_batches,"{""id"": 56}",,,,,,False,
extra_in_database,monthly_batches,"{""id"": 57}",,,,,,False,
extra_in_database,monthly_batches,"{""id"": 58}",,,,,,False,
extra_in_database,monthly_batches,"{""id"": 59}",,,,,,False,
extra_in_database,monthly_batches,"{""id"": 60}",,,,,,False,
extra_in_database,monthly_batches,"{""id"": 61}",,,,,,False,
extra_in_database,monthly_batches,"{""id"": 62}",,,,,,False,
extra_in_database,monthly_batches,"{""id"": 63}",,,,,,False,
extra_in_database,monthly_batches,"{""id"": 64}",,,,,,False,
extra_in_database,monthly_batches,"{""id"": 65}",,,,,,False,
extra_in_database,monthly_batches,"{""id"": 66}",,,,,,False,
extra_in_database,monthly_batches,"{""id"": 67}",,,,,,False,
extra_in_database,monthly_batches,"{""id"": 68}",,,,,,False,
extra_in_database,monthly_batches,"{""id"": 69}",,,,,,False,
extra_in_database,monthly_batches,"{""id"": 70}",,,,,,False,
extra_in_database,monthly_batches,"{""id"": 71}",,,,,,False,
extra_in_database,monthly_batches,"{""id"": 72}",,,,,,False,
extra_in_database,monthly_batches,"{""id"": 73}",,,,,,False,
extra_in_database,monthly_batches,"{""id"": 74}",,,,,,False,
extra_in_database,monthly_batches,"{""id"": 75}",,,,,,False,
extra_in_database,monthly_batches,"{""id"": 76}",,,,,,False,
extra_in_database,monthly_batches,"{""id"": 77}",,,,,,False,
extra_in_database,monthly_batches,"{""id"": 78}",,,,,,False,
extra_in_database,monthly_batches,"{""id"": 79}",,,,,,False,
extra_in_database,monthly_batches,"{""id"": 80}",,,,,,False,
extra_in_database,monthly_batches,"{""id"": 81}",,,,,,False,
extra_in_database,monthly_batches,"{""id"": 82}",,,,,,False,
extra_in_database,monthly_batches,"{""id"": 83}",,,,,,False,
extra_in_database,monthly_batches,"{""id"": 84}",,,,,,False,
extra_in_database,monthly_batches,"{""id"": 85}",,,,,,False,
extra_in_database,monthly_batches,"{""id"": 86}",,,,,,False,
extra_in_database,monthly_batches,"{""id"": 87}",,,,,,False,
extra_in_database,monthly_batches,"{""id"": 88}",,,,,,False,
extra_in_database,monthly_batches,"{""id"": 89}",,,,,,False,
extra_in_database,monthly_batches,"{""id"": 90}",,,,,,False,
extra_in_database,monthly_batches,"{""id"": 91}",,,,,,False,
extra_in_database,monthly_batches,"{""id"": 92}",,,,,,False,
extra_in_database,monthly_batches,"{""id"": 93}",,,,,,False,
extra_in_database,monthly_batches,"{""id"": 94}",,,,,,False,
extra_in_database,monthly_batches,"{""id"": 95}",,,,,,False,
extra_in_database,monthly_batches,"{""id"": 96}",,,,,,False,
extra_in_database,monthly_batches,"{""id"": 97}",,,,,,False,
extra_in_database,monthly_batches,"{""id"": 98}",,,,,,False,
extra_in_database,monthly_batches,"{""id"": 99}",,,,,,False,
extra_in_database,monthly_batches,"{""id"": 100}",,,,,,False,
extra_in_database,monthly_batches,"{""id"": 101}",,,,,,False,
extra_in_database,monthly_batches,"{""id"": 102}",,,,,,False,
extra_in_database,monthly_batches,"{""id"": 103}",,,,,,False,
extra_in_database,monthly_batches,"{""id"": 104}",,,,,,False,
extra_in_database,monthly_batches,"{""id"": 105}",,,,,,False,
extra_in_database,monthly_batches,"{""id"": 106}",,,,,,False,
extra_in_database,monthly_batches,"{""id"": 107}",,,,,,False,
extra_in_database,monthly_batches,"{""id"": 108}",,,,,,False,
extra_in_database,monthly_batches,"{""id"": 109}",,,,,,False,
extra_in_database,monthly_batches,"{""id"": 110}",,,,,,False,
extra_in_database,monthly_batches,"{""id"": 111}",,,,,,False,
extra_in_database,monthly_batches,"{""id"": 112}",,,,,,False,
extra_in_database,monthly_batches,"{""id"": 113}",,,,,,False,
extra_in_database,monthly_batches,"{""id"": 114}",,,,,,False,
extra_in_database,monthly_batches,"{""id"": 115}",,,,,,False,
extra_in_database,monthly_batches,"{""id"": 116}",,,,,,False,
extra_in_database,monthly_batches,"{""id"": 117}",,,,,,False,
extra_in_database,monthly_batches,"{""id"": 118}",,,,,,False,
extra_in_database,monthly_batches,"{""id"": 119}",,,,,,False,
extra_in_database,monthly_batches,"{""id"": 120}",,,,,,False,
extra_in_database,monthly_batches,"{""id"": 121}",,,,,,False,
extra_in_database,monthly_batches,"{""id"": 122}",,,,,,False,
extra_in_database,monthly_batches,"{""id"": 123}",,,,,,False,
extra_in_database,monthly_batches,"{""id"": 124}",,,,,,False,
extra_in_database,monthly_batches,"{""id"": 125}",,,,,,False,
extra_in_database,monthly_batches,"{""id"": 126}",,,,,,False,
extra_in_database,monthly_batches,"{""id"": 127}",,,,,,False,
extra_in_database,monthly_batches,"{""id"": 128}",,,,,,False,
extra_in_database,monthly_batches,"{""id"": 129}",,,,,,False,
extra_in_database,monthly_batches,"{""id"": 130}",,,,,,False,
extra_in_database,monthly_batches,"{""id"": 131}",,,,,,False,
extra_in_database,monthly_batches,"{""id"": 132}",,,,,,False,
extra_in_database,monthly_batches,"{""id"": 133}",,,,,,False,
extra_in_database,monthly_batches,"{""id"": 134}",,,,,,False,
extra_in_database,monthly_batches,"{""id"": 135}",,,,,,False,
extra_in_database,monthly_batches,"{""id"": 136}",,,,,,False,
extra_in_database,monthly_batches,"{""id"": 137}",,,,,,False,
extra_in_database,monthly_batches,"{""id"": 138}",,,,,,False,
extra_in_database,monthly_batches,"{""id"": 139}",,,,,,False,
extra_in_database,monthly_batches,"{""id"": 140}",,,,,,False,
extra_in_database,monthly_batches,"{""id"": 141}",,,,,,False,
extra_in_database,monthly_batches,"{""id"": 142}",,,,,,False,
extra_in_database,monthly_batches,"{""id"": 143}",,,,,,False,
extra_in_database,monthly_batches,"{""id"": 144}",,,,,,False,
extra_in_database,monthly_batches,"{""id"": 145}",,,,,,False,
extra_in_database,monthly_batches,"{""id"": 146}",,,,,,False,
extra_in_database,monthly_batches,"{""id"": 147}",,,,,,False,
extra_in_database,monthly_batches,"{""id"": 148}",,,,,,False,
extra_in_database,monthly_batches,"{""id"": 149}",,,,,,False,
extra_in_database,monthly_batches,"{""id"": 150}",,,,,,False,
extra_in_database,monthly_batches,"{""id"": 151}",,,,,,False,
extra_in_database,monthly_batches,"{""id"": 152}",,,,,,False,
extra_in_database,monthly_batches,"{""id"": 153}",,,,,,False,
extra_in_database,monthly_batches,"{""id"": 154}",,,,,,False,
extra_in_database,monthly_batches,"{""id"": 155}",,,,,,False,
extra_in_database,monthly_batches,"{""id"": 156}",,,,,,False,
extra_in_database,monthly_batches,"{""id"": 157}",,,,,,False,
extra_in_database,monthly_batches,"{""id"": 158}",,,,,,False,
extra_in_database,monthly_batches,"{""id"": 159}",,,,,,False,
extra_in_database,monthly_batches,"{""id"": 160}",,,,,,False,
extra_in_database,monthly_batches,"{""id"": 161}",,,,,,False,
extra_in_database,monthly_batches,"{""id"": 162}",,,,,,False,
extra_in_database,monthly_batches,"{""id"": 163}",,,,,,False,
extra_in_database,monthly_batches,"{""id"": 164}",,,,,,False,
extra_in_database,monthly_batches,"{""id"": 165}",,,,,,False,
extra_in_database,monthly_batches,"{""id"": 166}",,,,,,False,
extra_in_database,monthly_batches,"{""id"": 167}",,,,,,False,
extra_in_database,monthly_batches,"{""id"": 168}",,,,,,False,
extra_in_database,monthly_batches,"{""id"": 169}",,,,,,False,
extra_in_database,monthly_batches,"{""id"": 170}",,,,,,False,
extra_in_database,monthly_batches,"{""id"": 171}",,,,,,False,
extra_in_database,monthly_batches,"{""id"": 172}",,,,,,False,
extra_in_database,monthly_batches,"{""id"": 173}",,,,,,False,
extra_in_database,monthly_batches,"{""id"": 174}",,,,,,False,
extra_in_database,monthly_batches,"{""id"": 175}",,,,,,False,
extra_in_database,monthly_batches,"{""id"": 176}",,,,,,False,
extra_in_database,monthly_batches,"{""id"": 177}",,,,,,False,
extra_in_database,monthly_batches,"{""id"": 178}",,,,,,False,
extra_in_database,monthly_batches,"{""id"": 179}",,,,,,False,
extra_in_database,monthly_batches,"{""id"": 180}",,,,,,False,
extra_in_database,monthly_batches,"{""id"": 181}",,,,,,False,
extra_in_database,monthly_batches,"{""id"": 182}",,,,,,False,
extra_in_database,monthly_batches,"{""id"": 183}",,,,,,False,
extra_in_database,monthly_batches,"{""id"": 184}",,,,,,False,
extra_in_database,monthly_batches,"{""id"": 185}",,,,,,False,
extra_in_database,monthly_batches,"{""id"": 186}",,,,,,False,
extra_in_database,monthly_batches,"{""id"": 187}",,,,,,False,
extra_in_database,monthly_batches,"{""id"": 188}",,,,,,False,
extra_in_database,monthly_batches,"{""id"": 189}",,,,,,False,
extra_in_database,monthly_batches,"{""id"": 190}",,,,,,False,
extra_in_database,monthly_batches,"{""id"": 191}",,,,,,False,
extra_in_database,monthly_batches,"{""id"": 192}",,,,,,False,
extra_in_database,monthly_batches,"{""id"": 193}",,,,,,False,
extra_in_database,monthly_batches,"{""id"": 194}",,,,,,False,
extra_in_database,monthly_batches,"{""id"": 195}",,,,,,False,
extra_in_database,monthly_batches,"{""id"": 196}",,,,,,False,
extra_in_database,monthly_batches,"{""id"": 197}",,,,,,False,
extra_in_database,monthly_batches,"{""id"": 198}",,,,,,False,
extra_in_database,monthly_batches,"{""id"": 199}",,,,,,False,
extra_in_database,monthly_batches,"{""id"": 200}",,,,,,False,
extra_in_database,monthly_batches,"{""id"": 201}",,,,,,False,
extra_in_database,monthly_batches,"{""id"": 202}",,,,,,False,
extra_in_database,monthly_batches,"{""id"": 203}",,,,,,False,
extra_in_database,monthly_batches,"{""id"": 204}",,,,,,False,
extra_in_database,monthly_batches,"{""id"": 205}",,,,,,False,
extra_in_database,monthly_batches,"{""id"": 206}",,,,,,False,
extra_in_database,monthly_batches,"{""id"": 207}",,,,,,False,
extra_in_database,monthly_batches,"{""id"": 208}",,,,,,False,
extra_in_database,monthly_batches,"{""id"": 209}",,,,,,False,
extra_in_database,monthly_batches,"{""id"": 210}",,,,,,False,
extra_in_database,monthly_batches,"{""id"": 211}",,,,,,False,
extra_in_database,monthly_batches,"{""id"": 212}",,,,,,False,
extra_in_database,monthly_batches,"{""id"": 213}",,,,,,False,
extra_in_database,monthly_batches,"{""id"": 214}",,,,,,False,
extra_in_database,monthly_batches,"{""id"": 215}",,,,,,False,
extra_in_database,monthly_batches,"{""id"": 216}",,,,,,False,
extra_in_database,monthly_batches,"{""id"": 217}",,,,,,False,
extra_in_database,monthly_batches,"{""id"": 218}",,,,,,False,
extra_in_database,monthly_batches,"{""id"": 219}",,,,,,False,
extra_in_database,monthly_batches,"{""id"": 220}",,,,,,False,
extra_in_database,monthly_batches,"{""id"": 221}",,,,,,False,
extra_in_database,monthly_batches,"{""id"": 222}",,,,,,False,
extra_in_database,monthly_batches,"{""id"": 223}",,,,,,False,
extra_in_database,monthly_batches,"{""id"": 224}",,,,,,False,
extra_in_database,monthly_batches,"{""id"": 225}",,,,,,False,
extra_in_database,monthly_batches,"{""id"": 226}",,,,,,False,
extra_in_database,monthly_batches,"{""id"": 227}",,,,,,False,
extra_in_database,monthly_batches,"{""id"": 228}",,,,,,False,
extra_in_database,monthly_batches,"{""id"": 229}",,,,,,False,
extra_in_database,monthly_batches,"{""id"": 230}",,,,,,False,
extra_in_database,monthly_batches,"{""id"": 231}",,,,,,False,
extra_in_database,monthly_batches,"{""id"": 232}",,,,,,False,
extra_in_database,monthly_batches,"{""id"": 233}",,,,,,False,
extra_in_database,monthly_batches,"{""id"": 234}",,,,,,False,
extra_in_database,monthly_batches,"{""id"": 235}",,,,,,False,
extra_in_database,monthly_batches,"{""id"": 236}",,,,,,False,
extra_in_database,monthly_batches,"{""id"": 237}",,,,,,False,
extra_in_database,monthly_batches,"{""id"": 238}",,,,,,False,
extra_in_database,monthly_batches,"{""id"": 239}",,,,,,False,
extra_in_database,monthly_batches,"{""id"": 240}",,,,,,False,
extra_in_database,monthly_batches,"{""id"": 241}",,,,,,False,
extra_in_database,monthly_batches,"{""id"": 242}",,,,,,False,
extra_in_database,monthly_batches,"{""id"": 243}",,,,,,False,
extra_in_database,monthly_batches,"{""id"": 244}",,,,,,False,
extra_in_database,monthly_batches,"{""id"": 245}",,,,,,False,
extra_in_database,monthly_batches,"{""id"": 246}",,,,,,False,
extra_in_database,monthly_batches,"{""id"": 247}",,,,,,False,
extra_in_database,monthly_batches,"{""id"": 248}",,,,,,False,
extra_in_database,monthly_batches,"{""id"": 249}",,,,,,False,
extra_in_database,monthly_batches,"{""id"": 250}",,,,,,False,
extra_in_database,monthly_batches,"{""id"": 251}",,,,,,False,
extra_in_database,monthly_batches,"{""id"": 252}",,,,,,False,
extra_in_database,monthly_batches,"{""id"": 253}",,,,,,False,
extra_in_database,monthly_batches,"{""id"": 254}",,,,,,False,
extra_in_database,monthly_batches,"{""id"": 255}",,,,,,False,
extra_in_database,monthly_batches,"{""id"": 256}",,,,,,False,
extra_in_database,monthly_batches,"{""id"": 257}",,,,,,False,
extra_in_database,monthly_batches,"{""id"": 258}",,,,,,False,
extra_in_database,monthly_batches,"{""id"": 259}",,,,,,False,
extra_in_database,monthly_batches,"{""id"": 260}",,,,,,False,
extra_in_database,monthly_batches,"{""id"": 261}",,,,,,False,
extra_in_database,monthly_batches,"{""id"": 262}",,,,,,False,
extra_in_database,monthly_batches,"{""id"": 263}",,,,,,False,
extra_in_database,monthly_batches,"{""id"": 264}",,,,,,False,
extra_in_database,monthly_batches,"{""id"": 265}",,,,,,False,
extra_in_database,monthly_batches,"{""id"": 266}",,,,,,False,
extra_in_database,monthly_batches,"{""id"": 267}",,,,,,False,
extra_in_database,monthly_batches,"{""id"": 268}",,,,,,False,
extra_in_database,monthly_batches,"{""id"": 269}",,,,,,False,
extra_in_database,monthly_batches,"{""id"": 270}",,,,,,False,
extra_in_database,monthly_batches,"{""id"": 271}",,,,,,False,
extra_in_database,monthly_batches,"{""id"": 272}",,,,,,False,
extra_in_database,monthly_batches,"{""id"": 273}",,,,,,False,
extra_in_database,monthly_batches,"{""id"": 274}",,,,,,False,
extra_in_database,monthly_batches,"{""id"": 275}",,,,,,False,
extra_in_database,monthly_batches,"{""id"": 276}",,,,,,False,
extra_in_database,monthly_batches,"{""id"": 277}",,,,,,False,
extra_in_database,monthly_batches,"{""id"": 278}",,,,,,False,
extra_in_database,monthly_batches,"{""id"": 279}",,,,,,False,
extra_in_database,monthly_batches,"{""id"": 280}",,,,,,False,
extra_in_database,monthly_batches,"{""id"": 281}",,,,,,False,
extra_in_database,monthly_batches,"{""id"": 282}",,,,,,False,
extra_in_database,monthly_batches,"{""id"": 283}",,,,,,False,
extra_in_database,monthly_batches,"{""id"": 284}",,,,,,False,
extra_in_database,monthly_batches,"{""id"": 285}",,,,,,False,
extra_in_database,monthly_batches,"{""id"": 286}",,,,,,False,
extra_in_database,monthly_batches,"{""id"": 287}",,,,,,False,
extra_in_database,monthly_batches,"{""id"": 288}",,,,,,False,
extra_in_database,monthly_batches,"{""id"": 289}",,,,,,False,
extra_in_database,monthly_batches,"{""id"": 290}",,,,,,False,
extra_in_database,monthly_batches,"{""id"": 291}",,,,,,False,
extra_in_database,monthly_batches,"{""id"": 292}",,,,,,False,
extra_in_database,monthly_batches,"{""id"": 293}",,,,,,False,
extra_in_database,monthly_batches,"{""id"": 294}",,,,,,False,
extra_in_database,monthly_batches,"{""id"": 295}",,,,,,False,
extra_in_database,monthly_batches,"{""id"": 296}",,,,,,False,
extra_in_database,monthly_batches,"{""id"": 297}",,,,,,False,
extra_in_database,monthly_batches,"{""id"": 298}",,,,,,False,
extra_in_database,monthly_batches,"{""id"": 299}",,,,,,False,
extra_in_database,monthly_batches,"{""id"": 300}",,,,,,False,
extra_in_database,monthly_batches,"{""id"": 301}",,,,,,False,
extra_in_database,monthly_batches,"{""id"": 302}",,,,,,False,
extra_in_database,monthly_batches,"{""id"": 303}",,,,,,False,
extra_in_database,monthly_batches,"{""id"": 304}",,,,,,False,
extra_in_database,monthly_batches,"{""id"": 305}",,,,,,False,
extra_in_database,monthly_batches,"{""id"": 306}",,,,,,False,
extra_in_database,monthly_batches,"{""id"": 307}",,,,,,False,
extra_in_database,monthly_batches,"{""id"": 308}",,,,,,False,
extra_in_database,monthly_batches,"{""id"": 309}",,,,,,False,
extra_in_database,monthly_batches,"{""id"": 310}",,,,,,False,
extra_in_database,monthly_batches,"{""id"": 311}",,,,,,False,
extra_in_database,monthly_batches,"{""id"": 312}",,,,,,False,
extra_in_database,monthly_batches,"{""id"": 313}",,,,,,False,
extra_in_database,monthly_batches,"{""id"": 314}",,,,,,False,
extra_in_database,monthly_batches,"{""id"": 315}",,,,,,False,
extra_in_database,monthly_batches,"{""id"": 316}",,,,,,False,
extra_in_database,monthly_batches,"{""id"": 317}",,,,,,False,
extra_in_database,monthly_batches,"{""id"": 318}",,,,,,False,
extra_in_database,monthly_batches,"{""id"": 319}",,,,,,False,
extra_in_database,monthly_batches,"{""id"": 320}",,,,,,False,
extra_in_database,monthly_batches,"{""id"": 321}",,,,,,False,
extra_in_database,monthly_batches,"{""id"": 322}",,,,,,False,
extra_in_database,monthly_batches,"{""id"": 323}",,,,,,False,
extra_in_database,monthly_batches,"{""id"": 324}",,,,,,False,
extra_in_database,monthly_batches,"{""id"": 325}",,,,,,False,
extra_in_database,monthly_batches,"{""id"": 326}",,,,,,False,
extra_in_database,monthly_batches,"{""id"": 327}",,,,,,False,
extra_in_database,monthly_batches,"{""id"": 328}",,,,,,False,
extra_in_database,monthly_batches,"{""id"": 329}",,,,,,False,
extra_in_database,monthly_batches,"{""id"": 330}",,,,,,False,
extra_in_database,monthly_batches,"{""id"": 331}",,,,,,False,
extra_in_database,monthly_batches,"{""id"": 332}",,,,,,False,
extra_in_database,monthly_batches,"{""id"": 333}",,,,,,False,
extra_in_database,monthly_batches,"{""id"": 334}",,,,,,False,
extra_in_database,monthly_batches,"{""id"": 335}",,,,,,False,
extra_in_database,monthly_batches,"{""id"": 336}",,,,,,False,
extra_in_database,monthly_batches,"{""id"": 337}",,,,,,False,
extra_in_database,monthly_batches,"{""id"": 338}",,,,,,False,
extra_in_database,monthly_batches,"{""id"": 339}",,,,,,False,
extra_in_database,monthly_batches,"{""id"": 340}",,,,,,False,
extra_in_database,monthly_batches,"{""id"": 341}",,,,,,False,
extra_in_database,monthly_batches,"{""id"": 342}",,,,,,False,
extra_in_database,monthly_batches,"{""id"": 343}",,,,,,False,
extra_in_database,monthly_batches,"{""id"": 344}",,,,,,False,
extra_in_database,monthly_batches,"{""id"": 345}",,,,,,False,
extra_in_database,monthly_batches,"{""id"": 346}",,,,,,False,
extra_in_database,monthly_batches,"{""id"": 347}",,,,,,False,
extra_in_database,monthly_batches,"{""id"": 348}",,,,,,False,
extra_in_database,monthly_batches,"{""id"": 349}",,,,,,False,
extra_in_database,monthly_batches,"{""id"": 350}",,,,,,False,
extra_in_database,monthly_batches,"{""id"": 351}",,,,,,False,
extra_in_database,monthly_batches,"{""id"": 352}",,,,,,False,
extra_in_database,monthly_batches,"{""id"": 353}",,,,,,False,
extra_in_database,monthly_batches,"{""id"": 354}",,,,,,False,
extra_in_database,monthly_batches,"{""id"": 355}",,,,,,False,
extra_in_database,monthly_batches,"{""id"": 356}",,,,,,False,
extra_in_database,monthly_batches,"{""id"": 357}",,,,,,False,
extra_in_database,monthly_batches,"{""id"": 358}",,,,,,False,
extra_in_database,monthly_batches,"{""id"": 359}",,,,,,False,
extra_in_database,monthly_batches,"{""id"": 360}",,,,,,False,
extra_in_database,monthly_batches,"{""id"": 361}",,,,,,False,
extra_in_database,monthly_batches,"{""id"": 362}",,,,,,False,
extra_in_database,monthly_batches,"{""id"": 363}",,,,,,False,
extra_in_database,monthly_batches,"{""id"": 364}",,,,,,False,
extra_in_database,monthly_batches,"{""id"": 365}",,,,,,False,
extra_in_database,monthly_batches,"{""id"": 366}",,,,,,False,
extra_in_database,monthly_batches,"{""id"": 367}",,,,,,False,
extra_in_database,monthly_batches,"{""id"": 368}",,,,,,False,
extra_in_database,monthly_batches,"{""id"": 369}",,,,,,False,
extra_in_database,monthly_batches,"{""id"": 370}",,,,,,False,
extra_in_database,monthly_batches,"{""id"": 371}",,,,,,False,
extra_in_database,monthly_batches,"{""id"": 372}",,,,,,False,
extra_in_database,monthly_batches,"{""id"": 373}",,,,,,False,
extra_in_database,monthly_batches,"{""id"": 374}",,,,,,False,
extra_in_database,monthly_batches,"{""id"": 375}",,,,,,False,
extra_in_database,monthly_batches,"{""id"": 376}",,,,,,False,
extra_in_database,monthly_batches,"{""id"": 377}",,,,,,False,
extra_in_database,monthly_batches,"{""id"": 378}",,,,,,False,
extra_in_database,monthly_batches,"{""id"": 379}",,,,,,False,
extra_in_database,monthly_batches,"{""id"": 380}",,,,,,False,
extra_in_database,monthly_batches,"{""id"": 381}",,,,,,False,
extra_in_database,monthly_batches,"{""id"": 382}",,,,,,False,
extra_in_database,monthly_batches,"{""id"": 383}",,,,,,False,
extra_in_database,monthly_batches,"{""id"": 384}",,,,,,False,
extra_in_database,monthly_batches,"{""id"": 385}",,,,,,False,
extra_in_database,monthly_batches,"{""id"": 386}",,,,,,False,
extra_in_database,monthly_batches,"{""id"": 387}",,,,,,False,
extra_in_database,monthly_batches,"{""id"": 388}",,,,,,False,
extra_in_database,monthly_batches,"{""id"": 389}",,,,,,False,
extra_in_database,monthly_batches,"{""id"": 390}",,,,,,False,
extra_in_database,monthly_batches,"{""id"": 391}",,,,,,False,
extra_in_database,monthly_batches,"{""id"": 392}",,,,,,False,
extra_in_database,monthly_batches,"{""id"": 393}",,,,,,False,
extra_in_database,monthly_batches,"{""id"": 394}",,,,,,False,
extra_in_database,monthly_batches,"{""id"": 395}",,,,,,False,
extra_in_database,monthly_batches,"{""id"": 396}",,,,,,False,
extra_in_database,monthly_batches,"{""id"": 397}",,,,,,False,
extra_in_database,monthly_batches,"{""id"": 398}",,,,,,False,
extra_in_database,monthly_batches,"{""id"": 399}",,,,,,False,
extra_in_database,monthly_batches,"{""id"": 400}",,,,,,False,
extra_in_database,monthly_batches,"{""id"": 401}",,,,,,False,
extra_in_database,monthly_batches,"{""id"": 402}",,,,,,False,
extra_in_database,monthly_batches,"{""id"": 403}",,,,,,False,
extra_in_database,monthly_batches,"{""id"": 404}",,,,,,False,
extra_in_database,monthly_batches,"{""id"": 405}",,,,,,False,
extra_in_database,monthly_batches,"{""id"": 406}",,,,,,False,
extra_in_database,monthly_batches,"{""id"": 407}",,,,,,False,
extra_in_database,monthly_batches,"{""id"": 408}",,,,,,False,
extra_in_database,monthly_batches,"{""id"": 409}",,,,,,False,
extra_in_database,monthly_batches,"{""id"": 410}",,,,,,False,
extra_in_database,monthly_batches,"{""id"": 411}",,,,,,False,
extra_in_database,monthly_batches,"{""id"": 412}",,,,,,False,
extra_in_database,monthly_batches,"{""id"": 413}",,,,,,False,
extra_in_database,monthly_batches,"{""id"": 414}",,,,,,False,
extra_in_database,monthly_batches,"{""id"": 415}",,,,,,False,
extra_in_database,monthly_batches,"{""id"": 416}",,,,,,False,
extra_in_database,monthly_batches,"{""id"": 417}",,,,,,False,
extra_in_database,monthly_batches,"{""id"": 418}",,,,,,False,
extra_in_database,monthly_batches,"{""id"": 419}",,,,,,False,
extra_in_database,monthly_batches,"{""id"": 420}",,,,,,False,
extra_in_database,monthly_batches,"{""id"": 421}",,,,,,False,
extra_in_database,monthly_batches,"{""id"": 422}",,,,,,False,
extra_in_database,monthly_batches,"{""id"": 423}",,,,,,False,
extra_in_database,monthly_batches,"{""id"": 424}",,,,,,False,
extra_in_database,monthly_batches,"{""id"": 425}",,,,,,False,
extra_in_database,monthly_batches,"{""id"": 426}",,,,,,False,
extra_in_database,monthly_batches,"{""id"": 427}",,,,,,False,
extra_in_database,monthly_batches,"{""id"": 428}",,,,,,False,
extra_in_database,monthly_batches,"{""id"": 429}",,,,,,False,
extra_in_database,monthly_batches,"{""id"": 430}",,,,,,False,
extra_in_database,monthly_batches,"{""id"": 431}",,,,,,False,
extra_in_database,monthly_batches,"{""id"": 432}",,,,,,False,
extra_in_database,monthly_batches,"{""id"": 433}",,,,,,False,
extra_in_database,monthly_batches,"{""id"": 434}",,,,,,False,
extra_in_database,monthly_batches,"{""id"": 435}",,,,,,False,
extra_in_database,monthly_batches,"{""id"": 436}",,,,,,False,
extra_in_database,monthly_batches,"{""id"": 437}",,,,,,False,
extra_in_database,monthly_batches,"{""id"": 438}",,,,,,False,
extra_in_database,monthly_batches,"{""id"": 439}",,,,,,False,
extra_in_database,monthly_batches,"{""id"": 440}",,,,,,False,
extra_in_database,monthly_batches,"{""id"": 441}",,,,,,False,
extra_in_database,monthly_batches,"{""id"": 442}",,,,,,False,
extra_in_database,monthly_batches,"{""id"": 443}",,,,,,False,
extra_in_database,monthly_batches,"{""id"": 444}",,,,,,False,
extra_in_database,monthly_batches,"{""id"": 445}",,,,,,False,
extra_in_database,monthly_batches,"{""id"": 446}",,,,,,False,
extra_in_database,monthly_batches,"{""id"": 447}",,,,,,False,
extra_in_database,monthly_batches,"{""id"": 448}",,,,,,False,
extra_in_database,monthly_batches,"{""id"": 449}",,,,,,False,
extra_in_database,monthly_batches,"{""id"": 450}",,,,,,False,
extra_in_database,monthly_batches,"{""id"": 451}",,,,,,False,
extra_in_database,monthly_batches,"{""id"": 452}",,,,,,False,
extra_in_database,monthly_batches,"{""id"": 453}",,,,,,False,
extra_in_database,monthly_batches,"{""id"": 454}",,,,,,False,
extra_in_database,monthly_batches,"{""id"": 455}",,,,,,False,
extra_in_database,monthly_batches,"{""id"": 456}",,,,,,False,
extra_in_database,monthly_batches,"{""id"": 457}",,,,,,False,
extra_in_database,monthly_batches,"{""id"": 458}",,,,,,False,
extra_in_database,monthly_batches,"{""id"": 459}",,,,,,False,
extra_in_database,monthly_batches,"{""id"": 460}",,,,,,False,
extra_in_database,monthly_batches,"{""id"": 461}",,,,,,False,
extra_in_database,monthly_batches,"{""id"": 462}",,,,,,False,
extra_in_database,monthly_batches,"{""id"": 463}",,,,,,False,
extra_in_database,monthly_batches,"{""id"": 464}",,,,,,False,
extra_in_database,monthly_batches,"{""id"": 465}",,,,,,False,
extra_in_database,monthly_batches,"{""id"": 466}",,,,,,False,
extra_in_database,monthly_batches,"{""id"": 467}",,,,,,False,
extra_in_database,monthly_batches,"{""id"": 468}",,,,,,False,
extra_in_database,monthly_batches,"{""id"": 469}",,,,,,False,
extra_in_database,monthly_batches,"{""id"": 470}",,,,,,False,
extra_in_database,monthly_batches,"{""id"": 471}",,,,,,False,
extra_in_database,monthly_batches,"{""id"": 472}",,,,,,False,
extra_in_database,monthly_batches,"{""id"": 473}",,,,,,False,
extra_in_database,monthly_batches,"{""id"": 474}",,,,,,False,
extra_in_database,monthly_batches,"{""id"": 475}",,,,,,False,
extra_in_database,monthly_batches,"{""id"": 476}",,,,,,False,
extra_in_database,monthly_batches,"{""id"": 477}",,,,,,False,
extra_in_database,monthly_batches,"{""id"": 478}",,,,,,False,
extra_in_database,monthly_batches,"{""id"": 479}",,,,,,False,
extra_in_database,monthly_batches,"{""id"": 480}",,,,,,False,
extra_in_database,monthly_batches,"{""id"": 481}",,,,,,False,
extra_in_database,monthly_batches,"{""id"": 482}",,,,,,False,
extra_in_database,monthly_batches,"{""id"": 483}",,,,,,False,
extra_in_database,monthly_batches,"{""id"": 484}",,,,,,False,
extra_in_database,monthly_batches,"{""id"": 485}",,,,,,False,
extra_in_database,monthly_batches,"{""id"": 486}",,,,,,False,
extra_in_database,monthly_batches,"{""id"": 487}",,,,,,False,
extra_in_database,monthly_batches,"{""id"": 488}",,,,,,False,
extra_in_database,monthly_batches,"{""id"": 489}",,,,,,False,
extra_in_database,monthly_batches,"{""id"": 490}",,,,,,False,
extra_in_database,monthly_batches,"{""id"": 491}",,,,,,False,
extra_in_database,monthly_batches,"{""id"": 492}",,,,,,False,
extra_in_database,monthly_batches,"{""id"": 493}",,,,,,False,
extra_in_database,monthly_batches,"{""id"": 494}",,,,,,False,
extra_in_database,monthly_batches,"{""id"": 495}",,,,,,False,
extra_in_database,monthly_batches,"{""id"": 496}",,,,,,False,
extra_in_database,monthly_batches,"{""id"": 497}",,,,,,False,
extra_in_database,monthly_batches,"{""id"": 498}",,,,,,False,
extra_in_database,monthly_batches,"{""id"": 499}",,,,,,False,
extra_in_database,monthly_batches,"{""id"": 500}",,,,,,False,
extra_in_database,monthly_batches,"{""id"": 501}",,,,,,False,
extra_in_database,monthly_batches,"{""id"": 502}",,,,,,False,
extra_in_database,monthly_batches,"{""id"": 503}",,,,,,False,
extra_in_database,monthly_batches,"{""id"": 504}",,,,,,False,
extra_in_database,monthly_batches,"{""id"": 505}",,,,,,False,
extra_in_database,monthly_batches,"{""id"": 506}",,,,,,False,
extra_in_database,monthly_batches,"{""id"": 507}",,,,,,False,
extra_in_database,monthly_batches,"{""id"": 508}",,,,,,False,
extra_in_database,monthly_batches,"{""id"": 509}",,,,,,False,
extra_in_database,monthly_batches,"{""id"": 510}",,,,,,False,
extra_in_database,monthly_batches,"{""id"": 511}",,,,,,False,
extra_in_database,monthly_batches,"{""id"": 512}",,,,,,False,
extra_in_database,monthly_batches,"{""id"": 513}",,,,,,False,
extra_in_database,monthly_batches,"{""id"": 514}",,,,,,False,
extra_in_database,monthly_batches,"{""id"": 515}",,,,,,False,
extra_in_database,monthly_batches,"{""id"": 516}",,,,,,False,
extra_in_database,monthly_batches,"{""id"": 517}",,,,,,False,
extra_in_database,monthly_batches,"{""id"": 518}",,,,,,False,
extra_in_database,monthly_batches,"{""id"": 519}",,,,,,False,
extra_in_database,monthly_batches,"{""id"": 520}",,,,,,False,
extra_in_database,monthly_batches,"{""id"": 521}",,,,,,False,
extra_in_database,monthly_batches,"{""id"": 522}",,,,,,False,
extra_in_database,monthly_batches,"{""id"": 523}",,,,,,False,
extra_in_database,monthly_batches,"{""id"": 524}",,,,,,False,
extra_in_database,monthly_batches,"{""id"": 525}",,,,,,False,
extra_in_database,monthly_batches,"{""id"": 526}",,,,,,False,
extra_in_database,monthly_batches,"{""id"": 527}",,,,,,False,
extra_in_database,monthly_batches,"{""id"": 528}",,,,,,False,
extra_in_database,monthly_batches,"{""id"": 529}",,,,,,False,
extra_in_database,monthly_batches,"{""id"": 530}",,,,,,False,
extra_in_database,monthly_batches,"{""id"": 531}",,,,,,False,
extra_in_database,monthly_batches,"{""id"": 532}",,,,,,False,
extra_in_database,monthly_batches,"{""id"": 533}",,,,,,False,
extra_in_database,monthly_batches,"{""id"": 534}",,,,,,False,
extra_in_database,monthly_batches,"{""id"": 535}",,,,,,False,
extra_in_database,monthly_batches,"{""id"": 536}",,,,,,False,
extra_in_database,monthly_batches,"{""id"": 537}",,,,,,False,
extra_in_database,monthly_batches,"{""id"": 538}",,,,,,False,
extra_in_database,monthly_batches,"{""id"": 539}",,,,,,False,
extra_in_database,monthly_batches,"{""id"": 540}",,,,,,False,
extra_in_database,monthly_batches,"{""id"": 541}",,,,,,False,
extra_in_database,monthly_batches,"{""id"": 542}",,,,,,False,
extra_in_database,monthly_batches,"{""id"": 543}",,,,,,False,
extra_in_database,monthly_batches,"{""id"": 544}",,,,,,False,
extra_in_database,monthly_batches,"{""id"": 545}",,,,,,False,
extra_in_database,monthly_batches,"{""id"": 546}",,,,,,False,
extra_in_database,monthly_batches,"{""id"": 547}",,,,,,False,
extra_in_database,monthly_batches,"{""id"": 548}",,,,,,False,
extra_in_database,monthly_batches,"{""id"": 549}",,,,,,False,
extra_in_database,monthly_batches,"{""id"": 550}",,,,,,False,
extra_in_database,monthly_batches,"{""id"": 551}",,,,,,False,
extra_in_database,monthly_batches,"{""id"": 552}",,,,,,False,
extra_in_database,monthly_batches,"{""id"": 553}",,,,,,False,
extra_in_database,monthly_batches,"{""id"": 554}",,,,,,False,
extra_in_database,monthly_batches,"{""id"": 555}",,,,,,False,
extra_in_database,monthly_batches,"{""id"": 556}",,,,,,False,
extra_in_database,monthly_batches,"{""id"": 557}",,,,,,False,
extra_in_database,monthly_batches,"{""id"": 558}",,,,,,False,
extra_in_database,monthly_batches,"{""id"": 559}",,,,,,False,
extra_in_database,monthly_batches,"{""id"": 560}",,,,,,False,
extra_in_database,monthly_batches,"{""id"": 561}",,,,,,False,
extra_in_database,monthly_batches,"{""id"": 562}",,,,,,False,
extra_in_database,monthly_batches,"{""id"": 563}",,,,,,False,
extra_in_database,monthly_batches,"{""id"": 564}",,,,,,False,
extra_in_database,monthly_batches,"{""id"": 565}",,,,,,False,
extra_in_database,monthly_batches,"{""id"": 566}",,,,,,False,
extra_in_database,monthly_batches,"{""id"": 567}",,,,,,False,
extra_in_database,monthly_batches,"{""id"": 568}",,,,,,False,
extra_in_database,monthly_batches,"{""id"": 569}",,,,,,False,
extra_in_database,monthly_batches,"{""id"": 570}",,,,,,False,
extra_in_database,monthly_batches,"{""id"": 571}",,,,,,False,
extra_in_database,monthly_batches,"{""id"": 572}",,,,,,False,
extra_in_database,monthly_batches,"{""id"": 573}",,,,,,False,
extra_in_database,monthly_batches,"{""id"": 574}",,,,,,False,
extra_in_database,monthly_batches,"{""id"": 575}",,,,,,False,
extra_in_database,monthly_batches,"{""id"": 576}",,,,,,False,
extra_in_database,monthly_batches,"{""id"": 577}",,,,,,False,
extra_in_database,monthly_batches,"{""id"": 578}",,,,,,False,
extra_in_database,monthly_batches,"{""id"": 579}",,,,,,False,
extra_in_database,monthly_batches,"{""id"": 580}",,,,,,False,
extra_in_database,monthly_batches,"{""id"": 581}",,,,,,False,
extra_in_database,monthly_batches,"{""id"": 582}",,,,,,False,
extra_in_database,monthly_batches,"{""id"": 583}",,,,,,False,
extra_in_database,monthly_batches,"{""id"": 584}",,,,,,False,
extra_in_database,monthly_batches,"{""id"": 585}",,,,,,False,
extra_in_database,monthly_batches,"{""id"": 586}",,,,,,False,
extra_in_database,monthly_batches,"{""id"": 587}",,,,,,False,
extra_in_database,monthly_batches,"{""id"": 588}",,,,,,False,
extra_in_database,monthly_batches,"{""id"": 589}",,,,,,False,
extra_in_database,monthly_batches,"{""id"": 590}",,,,,,False,
extra_in_database,monthly_batches,"{""id"": 591}",,,,,,False,
extra_in_database,monthly_batches,"{""id"": 592}",,,,,,False,
extra_in_database,monthly_batches,"{""id"": 593}",,,,,,False,
extra_in_database,monthly_batches,"{""id"": 594}",,,,,,False,
extra_in_database,monthly_batches,"{""id"": 595}",,,,,,False,
extra_in_database,monthly_batches,"{""id"": 596}",,,,,,False,
extra_in_database,monthly_batches,"{""id"": 597}",,,,,,False,
extra_in_database,monthly_batches,"{""id"": 598}",,,,,,False,
extra_in_database,monthly_batches,"{""id"": 599}",,,,,,False,
extra_in_database,monthly_batches,"{""id"": 600}",,,,,,False,
extra_in_database,monthly_batches,"{""id"": 601}",,,,,,False,
extra_in_database,monthly_batches,"{""id"": 602}",,,,,,False,
extra_in_database,monthly_batches,"{""id"": 603}",,,,,,False,
extra_in_database,monthly_batches,"{""id"": 604}",,,,,,False,
extra_in_database,monthly_batches,"{""id"": 605}",,,,,,False,
extra_in_database,monthly_batches,"{""id"": 606}",,,,,,False,
extra_in_database,monthly_batches,"{""id"": 607}",,,,,,False,
extra_in_database,monthly_batches,"{""id"": 608}",,,,,,False,
extra_in_database,monthly_batches,"{""id"": 609}",,,,,,False,
extra_in_database,monthly_batches,"{""id"": 610}",,,,,,False,
extra_in_database,monthly_batches,"{""id"": 611}",,,,,,False,
extra_in_database,monthly_batches,"{""id"": 612}",,,,,,False,
extra_in_database,monthly_batches,"{""id"": 613}",,,,,,False,
extra_in_database,monthly_batches,"{""id"": 614}",,,,,,False,
extra_in_database,monthly_batches,"{""id"": 615}",,,,,,False,
extra_in_database,monthly_batches,"{""id"": 616}",,,,,,False,
extra_in_database,monthly_batches,"{""id"": 617}",,,,,,False,
extra_in_database,monthly_batches,"{""id"": 618}",,,,,,False,
extra_in_database,monthly_batches,"{""id"": 619}",,,,,,False,
extra_in_database,monthly_batches,"{""id"": 620}",,,,,,False,
extra_in_database,monthly_batches,"{""id"": 621}",,,,,,False,
extra_in_database,monthly_batches,"{""id"": 622}",,,,,,False,
extra_in_database,monthly_batches,"{""id"": 623}",,,,,,False,
extra_in_database,monthly_batches,"{""id"": 624}",,,,,,False,
extra_in_database,monthly_batches,"{""id"": 625}",,,,,,False,
extra_in_database,monthly_batches,"{""id"": 626}",,,,,,False,
extra_in_database,monthly_batches,"{""id"": 627}",,,,,,False,
extra_in_database,monthly_batches,"{""id"": 628}",,,,,,False,
extra_in_database,monthly_batches,"{""id"": 629}",,,,,,False,
extra_in_database,monthly_batches,"{""id"": 630}",,,,,,False,
extra_in_database,monthly_batches,"{""id"": 631}",,,,,,False,
extra_in_database,monthly_batches,"{""id"": 632}",,,,,,False,
extra_in_database,monthly_batches,"{""id"": 633}",,,,,,False,
extra_in_database,monthly_batches,"{""id"": 634}",,,,,,False,
extra_in_database,monthly_batches,"{""id"": 635}",,,,,,False,
extra_in_database,monthly_batches,"{""id"": 636}",,,,,,False,
extra_in_database,monthly_batches,"{""id"": 637}",,,,,,False,
extra_in_database,monthly_batches,"{""id"": 638}",,,,,,False,
extra_in_database,monthly_batches,"{""id"": 639}",,,,,,False,
extra_in_database,monthly_batches,"{""id"": 640}",,,,,,False,
extra_in_database,monthly_batches,"{""id"": 641}",,,,,,False,
extra_in_database,monthly_batches,"{""id"": 642}",,,,,,False,
extra_in_database,monthly_batches,"{""id"": 643}",,,,,,False,
extra_in_database,monthly_batches,"{""id"": 644}",,,,,,False,
extra_in_database,monthly_batches,"{""id"": 645}",,,,,,False,
extra_in_database,monthly_batches,"{""id"": 646}",,,,,,False,
extra_in_database,monthly_batches,"{""id"": 647}",,,,,,False,
extra_in_database,monthly_batches,"{""id"": 648}",,,,,,False,
extra_in_database,monthly_batches,"{""id"": 649}",,,,,,False,
extra_in_database,monthly_batches,"{""id"": 650}",,,,,,False,
extra_in_database,monthly_batches,"{""id"": 651}",,,,,,False,
extra_in_database,monthly_batches,"{""id"": 652}",,,,,,False,
extra_in_database,monthly_batches,"{""id"": 653}",,,,,,False,
extra_in_database,monthly_batches,"{""id"": 654}",,,,,,False,
extra_in_database,monthly_batches,"{""id"": 655}",,,,,,False,
extra_in_database,monthly_batches,"{""id"": 656}",,,,,,False,
extra_in_database,monthly_batches,"{""id"": 657}",,,,,,False,
extra_in_database,monthly_batches,"{""id"": 658}",,,,,,False,
extra_in_database,monthly_batches,"{""id"": 659}",,,,,,False,
extra_in_database,monthly_batches,"{""id"": 660}",,,,,,False,
extra_in_database,monthly_batches,"{""id"": 661}",,,,,,False,
extra_in_database,monthly_batches,"{""id"": 662}",,,,,,False,
extra_in_database,monthly_batches,"{""id"": 663}",,,,,,False,
extra_in_database,monthly_batches,"{""id"": 664}",,,,,,False,
extra_in_database,monthly_batches,"{""id"": 665}",,,,,,False,
extra_in_database,monthly_batches,"{""id"": 666}",,,,,,False,
extra_in_database,monthly_batches,"{""id"": 667}",,,,,,False,
extra_in_database,monthly_batches,"{""id"": 668}",,,,,,False,
extra_in_database,monthly_batches,"{""id"": 669}",,,,,,False,
extra_in_database,monthly_batches,"{""id"": 670}",,,,,,False,
extra_in_database,monthly_batches,"{""id"": 671}",,,,,,False,
extra_in_database,monthly_batches,"{""id"": 672}",,,,,,False,
extra_in_database,monthly_batches,"{""id"": 673}",,,,,,False,
extra_in_database,monthly_batches,"{""id"": 674}",,,,,,False,
extra_in_database,monthly_batches,"{""id"": 675}",,,,,,False,
extra_in_database,monthly_batches,"{""id"": 676}",,,,,,False,
extra_in_database,monthly_batches,"{""id"": 677}",,,,,,False,
extra_in_database,monthly_batches,"{""id"": 678}",,,,,,False,
extra_in_database,monthly_batches,"{""id"": 679}",,,,,,False,
extra_in_database,monthly_batches,"{""id"": 680}",,,,,,False,
extra_in_database,monthly_batches,"{""id"": 681}",,,,,,False,
extra_in_database,monthly_batches,"{""id"": 682}",,,,,,False,
extra_in_database,monthly_batches,"{""id"": 683}",,,,,,False,
extra_in_database,monthly_batches,"{""id"": 684}",,,,,,False,
extra_in_database,monthly_batches,"{""id"": 685}",,,,,,False,
extra_in_database,monthly_batches,"{""id"": 686}",,,,,,False,
extra_in_database,monthly_batches,"{""id"": 687}",,,,,,False,
extra_in_database,monthly_batches,"{""id"": 688}",,,,,,False,
extra_in_database,monthly_batches,"{""id"": 689}",,,,,,False,
extra_in_database,monthly_batches,"{""id"": 690}",,,,,,False,
extra_in_database,monthly_batches,"{""id"": 691}",,,,,,False,
extra_in_database,monthly_batches,"{""id"": 692}",,,,,,False,
extra_in_database,monthly_batches,"{""id"": 693}",,,,,,False,
extra_in_database,monthly_batches,"{""id"": 694}",,,,,,False,
extra_in_database,monthly_batches,"{""id"": 695}",,,,,,False,
extra_in_database,monthly_batches,"{""id"": 696}",,,,,,False,
extra_in_database,monthly_batches,"{""id"": 697}",,,,,,False,
extra_in_database,monthly_batches,"{""id"": 698}",,,,,,False,
extra_in_database,monthly_batches,"{""id"": 699}",,,,,,False,
extra_in_database,monthly_batches,"{""id"": 700}",,,,,,False,
extra_in_database,monthly_batches,"{""id"": 701}",,,,,,False,
extra_in_database,monthly_batches,"{""id"": 702}",,,,,,False,
extra_in_database,monthly_batches,"{""id"": 703}",,,,,,False,
extra_in_database,monthly_batches,"{""id"": 704}",,,,,,False,
extra_in_database,monthly_batches,"{""id"": 705}",,,,,,False,
extra_in_database,monthly_batches,"{""id"": 706}",,,,,,False,
extra_in_database,monthly_batches,"{""id"": 707}",,,,,,False,
extra_in_database,monthly_batches,"{""id"": 708}",,,,,,False,
extra_in_database,monthly_batches,"{""id"": 709}",,,,,,False,
extra_in_database,monthly_batches,"{""id"": 710}",,,,,,False,
extra_in_database,monthly_batches,"{""id"": 711}",,,,,,False,
extra_in_database,monthly_batches,"{""id"": 712}",,,,,,False,
extra_in_database,monthly_batches,"{""id"": 713}",,,,,,False,
extra_in_database,monthly_batches,"{""id"": 714}",,,,,,False,
extra_in_database,monthly_batches,"{""id"": 715}",,,,,,False,
extra_in_database,monthly_batches,"{""id"": 716}",,,,,,False,
extra_in_database,monthly_batches,"{""id"": 717}",,,,,,False,
extra_in_database,monthly_batches,"{""id"": 718}",,,,,,False,
extra_in_database,monthly_batches,"{""id"": 719}",,,,,,False,
extra_in_database,monthly_batches,"{""id"": 720}",,,,,,False,
extra_in_database,monthly_batches,"{""id"": 721}",,,,,,False,
extra_in_database,monthly_batches,"{""id"": 722}",,,,,,False,
extra_in_database,monthly_batches,"{""id"": 723}",,,,,,False,
extra_in_database,monthly_batches,"{""id"": 724}",,,,,,False,
extra_in_database,monthly_batches,"{""id"": 725}",,,,,,False,
extra_in_database,monthly_batches,"{""id"": 726}",,,,,,False,
extra_in_database,monthly_batches,"{""id"": 727}",,,,,,False,
extra_in_database,monthly_batches,"{""id"": 728}",,,,,,False,
extra_in_database,monthly_batches,"{""id"": 729}",,,,,,False,
extra_in_database,monthly_batches,"{""id"": 730}",,,,,,False,
extra_in_database,monthly_batches,"{""id"": 731}",,,,,,False,
extra_in_database,monthly_batches,"{""id"": 732}",,,,,,False,
extra_in_database,monthly_batches,"{""id"": 733}",,,,,,False,
extra_in_database,monthly_batches,"{""id"": 734}",,,,,,False,
extra_in_database,monthly_batches,"{""id"": 735}",,,,,,False,
extra_in_database,monthly_batches,"{""id"": 736}",,,,,,False,
extra_in_database,monthly_batches,"{""id"": 737}",,,,,,False,
extra_in_database,monthly_batches,"{""id"": 738}",,,,,,False,
extra_in_database,monthly_batches,"{""id"": 739}",,,,,,False,
extra_in_database,monthly_batches,"{""id"": 740}",,,,,,False,
extra_in_database,monthly_batches,"{""id"": 741}",,,,,,False,
extra_in_database,monthly_batches,"{""id"": 742}",,,,,,False,
extra_in_database,monthly_batches,"{""id"": 743}",,,,,,False,
extra_in_database,monthly_batches,"{""id"": 744}",,,,,,False,
extra_in_database,monthly_batches,"{""id"": 745}",,,,,,False,
extra_in_database,monthly_batches,"{""id"": 746}",,,,,,False,
extra_in_database,monthly_batches,"{""id"": 747}",,,,,,False,
extra_in_database,monthly_batches,"{""id"": 748}",,,,,,False,
extra_in_database,monthly_batches,"{""id"": 749}",,,,,,False,
extra_in_database,monthly_batches,"{""id"": 750}",,,,,,False,
extra_in_database,monthly_batches,"{""id"": 751}",,,,,,False,
extra_in_database,monthly_batches,"{""id"": 752}",,,,,,False,
extra_in_database,monthly_batches,"{""id"": 753}",,,,,,False,
extra_in_database,monthly_batches,"{""id"": 754}",,,,,,False,
extra_in_database,monthly_batches,"{""id"": 755}",,,,,,False,
extra_in_database,monthly_batches,"{""id"": 756}",,,,,,False,
extra_in_database,monthly_batches,"{""id"": 757}",,,,,,False,
extra_in_database,monthly_batches,"{""id"": 758}",,,,,,False,
extra_in_database,monthly_batches,"{""id"": 759}",,,,,,False,
extra_in_database,monthly_batches,"{""id"": 760}",,,,,,False,
extra_in_database,monthly_batches,"{""id"": 761}",,,,,,False,
extra_in_database,monthly_batches,"{""id"": 762}",,,,,,False,
extra_in_database,monthly_batches,"{""id"": 763}",,,,,,False,
extra_in_database,monthly_batches,"{""id"": 764}",,,,,,False,
extra_in_database,monthly_batches,"{""id"": 765}",,,,,,False,
extra_in_database,monthly_batches,"{""id"": 766}",,,,,,False,
extra_in_database,monthly_batches,"{""id"": 767}",,,,,,False,
extra_in_database,monthly_batches,"{""id"": 768}",,,,,,False,
extra_in_database,monthly_batches,"{""id"": 769}",,,,,,False,
extra_in_database,monthly_batches,"{""id"": 770}",,,,,,False,
extra_in_database,monthly_batches,"{""id"": 771}",,,,,,False,
extra_in_database,monthly_batches,"{""id"": 772}",,,,,,False,
extra_in_database,monthly_batches,"{""id"": 773}",,,,,,False,
extra_in_database,monthly_batches,"{""id"": 774}",,,,,,False,
extra_in_database,monthly_batches,"{""id"": 775}",,,,,,False,
extra_in_database,monthly_batches,"{""id"": 776}",,,,,,False,
extra_in_database,monthly_batches,"{""id"": 777}",,,,,,False,
extra_in_database,monthly_batches,"{""id"": 778}",,,,,,False,
extra_in_database,monthly_batches,"{""id"": 779}",,,,,,False,
extra_in_database,monthly_batches,"{""id"": 780}",,,,,,False,
extra_in_database,monthly_batches,"{""id"": 781}",,,,,,False,
extra_in_database,monthly_batches,"{""id"": 782}",,,,,,False,
extra_in_database,monthly_batches,"{""id"": 783}",,,,,,False,
extra_in_database,monthly_batches,"{""id"": 784}",,,,,,False,
extra_in_database,monthly_batches,"{""id"": 785}",,,,,,False,
extra_in_database,monthly_batches,"{""id"": 786}",,,,,,False,
extra_in_database,monthly_batches,"{""id"": 787}",,,,,,False,
extra_in_database,monthly_batches,"{""id"": 788}",,,,,,False,
extra_in_database,monthly_batches,"{""id"": 789}",,,,,,False,
extra_in_database,monthly_batches,"{""id"": 790}",,,,,,False,
extra_in_database,monthly_batches,"{""id"": 791}",,,,,,False,
extra_in_database,monthly_batches,"{""id"": 792}",,,,,,False,
extra_in_database,monthly_batches,"{""id"": 793}",,,,,,False,
extra_in_database,monthly_batches,"{""id"": 794}",,,,,,False,
extra_in_database,monthly_batches,"{""id"": 795}",,,,,,False,
extra_in_database,monthly_batches,"{""id"": 796}",,,,,,False,
extra_in_database,monthly_batches,"{""id"": 797}",,,,,,False,
extra_in_database,monthly_batches,"{""id"": 798}",,,,,,False,
extra_in_database,monthly_batches,"{""id"": 799}",,,,,,False,
extra_in_database,monthly_batches,"{""id"": 800}",,,,,,False,
extra_in_database,monthly_batches,"{""id"": 801}",,,,,,False,
extra_in_database,monthly_batches,"{""id"": 802}",,,,,,False,
extra_in_database,monthly_batches,"{""id"": 803}",,,,,,False,
extra_in_database,monthly_batches,"{""id"": 804}",,,,,,False,
extra_in_database,monthly_batches,"{""id"": 805}",,,,,,False,
extra_in_database,monthly_batches,"{""id"": 806}",,,,,,False,
extra_in_database,monthly_batches,"{""id"": 807}",,,,,,False,
extra_in_database,monthly_batches,"{""id"": 808}",,,,,,False,
extra_in_database,monthly_batches,"{""id"": 809}",,,,,,False,
extra_in_database,monthly_batches,"{""id"": 810}",,,,,,False,
extra_in_database,monthly_batches,"{""id"": 811}",,,,,,False,
extra_in_database,monthly_batches,"{""id"": 812}",,,,,,False,
extra_in_database,monthly_batches,"{""id"": 813}",,,,,,False,
extra_in_database,monthly_batches,"{""id"": 814}",,,,,,False,
extra_in_database,monthly_batches,"{""id"": 815}",,,,,,False,
extra_in_database,monthly_batches,"{""id"": 816}",,,,,,False,
extra_in_database,monthly_batches,"{""id"": 817}",,,,,,False,
extra_in_database,monthly_batches,"{""id"": 818}",,,,,,False,
extra_in_database,monthly_batches,"{""id"": 819}",,,,,,False,
extra_in_database,monthly_batches,"{""id"": 820}",,,,,,False,
extra_in_database,monthly_batches,"{""id"": 821}",,,,,,False,
extra_in_database,monthly_batches,"{""id"": 822}",,,,,,False,
extra_in_database,monthly_batches,"{""id"": 823}",,,,,,False,
extra_in_database,monthly_batches,"{""id"": 824}",,,,,,False,
extra_in_database,monthly_batches,"{""id"": 825}",,,,,,False,
extra_in_database,monthly_batches,"{""id"": 826}",,,,,,False,
extra_in_database,monthly_batches,"{""id"": 827}",,,,,,False,
extra_in_database,monthly_batches,"{""id"": 828}",,,,,,False,
extra_in_database,monthly_batches,"{""id"": 829}",,,,,,False,
extra_in_database,monthly_batches,"{""id"": 830}",,,,,,False,
extra_in_database,monthly_batches,"{""id"": 831}",,,,,,False,
extra_in_database,monthly_batches,"{""id"": 832}",,,,,,False,
extra_in_database,monthly_batches,"{""id"": 833}",,,,,,False,
extra_in_database,monthly_batches,"{""id"": 834}",,,,,,False,
extra_in_database,monthly_batches,"{""id"": 835}",,,,,,False,
extra_in_database,monthly_batches,"{""id"": 836}",,,,,,False,
extra_in_database,monthly_batches,"{""id"": 837}",,,,,,False,
extra_in_database,monthly_batches,"{""id"": 838}",,,,,,False,
extra_in_database,monthly_batches,"{""id"": 839}",,,,,,False,
extra_in_database,monthly_batches,"{""id"": 840}",,,,,,False,
extra_in_database,monthly_batches,"{""id"": 841}",,,,,,False,
extra_in_database,monthly_batches,"{""id"": 842}",,,,,,False,
extra_in_database,monthly_batches,"{""id"": 843}",,,,,,False,
extra_in_database,monthly_batches,"{""id"": 844}",,,,,,False,
extra_in_database,monthly_batches,"{""id"": 845}",,,,,,False,
extra_in_database,monthly_batches,"{""id"": 846}",,,,,,False,
extra_in_database,monthly_batches,"{""id"": 847}",,,,,,False,
extra_in_database,monthly_batches,"{""id"": 848}",,,,,,False,
extra_in_database,monthly_batches,"{""id"": 849}",,,,,,False,
extra_in_database,monthly_batches,"{""id"": 850}",,,,,,False,
extra_in_database,monthly_batches,"{""id"": 851}",,,,,,False,
extra_in_database,monthly_batches,"{""id"": 852}",,,,,,False,
extra_in_database,monthly_batches,"{""id"": 853}",,,,,,False,
extra_in_database,monthly_batches,"{""id"": 854}",,,,,,False,
extra_in_database,monthly_batches,"{""id"": 855}",,,,,,False,
extra_in_database,monthly_batches,"{""id"": 856}",,,,,,False,
extra_in_database,monthly_batches,"{""id"": 857}",,,,,,False,
extra_in_database,monthly_batches,"{""id"": 858}",,,,,,False,
extra_in_database,monthly_batches,"{""id"": 859}",,,,,,False,
extra_in_database,monthly_batches,"{""id"": 860}",,,,,,False,
extra_in_database,monthly_batches,"{""id"": 861}",,,,,,False,
extra_in_database,monthly_batches,"{""id"": 862}",,,,,,False,
extra_in_database,monthly_batches,"{""id"": 863}",,,,,,False,
extra_in_database,monthly_batches,"{""id"": 864}",,,,,,False,
extra_in_database,monthly_batches,"{""id"": 865}",,,,,,False,
extra_in_database,monthly_batches,"{""id"": 866}",,,,,,False,
extra_in_database,monthly_batches,"{""id"": 867}",,,,,,False,
extra_in_database,monthly_batches,"{""id"": 868}",,,,,,False,
extra_in_database,monthly_batches,"{""id"": 869}",,,,,,False,
extra_in_database,monthly_batches,"{""id"": 870}",,,,,,False,
extra_in_database,monthly_batches,"{""id"": 871}",,,,,,False,
extra_in_database,monthly_batches,"{""id"": 872}",,,,,,False,
extra_in_database,monthly_batches,"{""id"": 873}",,,,,,False,
extra_in_database,monthly_batches,"{""id"": 874}",,,,,,False,
extra_in_database,monthly_batches,"{""id"": 875}",,,,,,False,
extra_in_database,monthly_batches,"{""id"": 876}",,,,,,False,
extra_in_database,monthly_batches,"{""id"": 877}",,,,,,False,
extra_in_database,monthly_batches,"{""id"": 878}",,,,,,False,
extra_in_database,monthly_batches,"{""id"": 879}",,,,,,False,
extra_in_database,monthly_batches,"{""id"": 880}",,,,,,False,
extra_in_database,monthly_batches,"{""id"": 881}",,,,,,False,
extra_in_database,monthly_batches,"{""id"": 882}",,,,,,False,
extra_in_database,monthly_batches,"{""id"": 883}",,,,,,False,
extra_in_database,monthly_batches,"{""id"": 884}",,,,,,False,
extra_in_database,monthly_batches,"{""id"": 885}",,,,,,False,
extra_in_database,monthly_batches,"{""id"": 886}",,,,,,False,
extra_in_database,monthly_batches,"{""id"": 887}",,,,,,False,
extra_in_database,monthly_batches,"{""id"": 888}",,,,,,False,
extra_in_database,monthly_batches,"{""id"": 889}",,,,,,False,
extra_in_database,monthly_batches,"{""id"": 890}",,,,,,False,
extra_in_database,monthly_batches,"{""id"": 891}",,,,,,False,
extra_in_database,monthly_batches,"{""id"": 892}",,,,,,False,
extra_in_database,monthly_batches,"{""id"": 893}",,,,,,False,
extra_in_database,monthly_batches,"{""id"": 894}",,,,,,False,
extra_in_database,monthly_batches,"{""id"": 895}",,,,,,False,
extra_in_database,monthly_batches,"{""id"": 896}",,,,,,False,
extra_in_database,monthly_batches,"{""id"": 897}",,,,,,False,
extra_in_database,monthly_batches,"{""id"": 898}",,,,,,False,
extra_in_database,monthly_batches,"{""id"": 899}",,,,,,False,
extra_in_database,monthly_batches,"{""id"": 900}",,,,,,False,
extra_in_database,monthly_batches,"{""id"": 901}",,,,,,False,
extra_in_database,monthly_batches,"{""id"": 902}",,,,,,False,
extra_in_database,monthly_batches,"{""id"": 903}",,,,,,False,
extra_in_database,monthly_batches,"{""id"": 904}",,,,,,False,
extra_in_database,monthly_batches,"{""id"": 905}",,,,,,False,
extra_in_database,monthly_batches,"{""id"": 906}",,,,,,False,
extra_in_database,monthly_batches,"{""id"": 907}",,,,,,False,
extra_in_database,monthly_batches,"{""id"": 908}",,,,,,False,
extra_in_database,monthly_batches,"{""id"": 909}",,,,,,False,
extra_in_database,monthly_batches,"{""id"": 910}",,,,,,False,
extra_in_database,monthly_batches,"{""id"": 911}",,,,,,False,
extra_in_database,monthly_batches,"{""id"": 912}",,,,,,False,
extra_in_database,monthly_batches,"{""id"": 913}",,,,,,False,
extra_in_database,monthly_batches,"{""id"": 914}",,,,,,False,
extra_in_database,monthly_batches,"{""id"": 915}",,,,,,False,
extra_in_database,monthly_batches,"{""id"": 916}",,,,,,False,
extra_in_database,monthly_batches,"{""id"": 917}",,,,,,False,
extra_in_database,monthly_batches,"{""id"": 918}",,,,,,False,
extra_in_database,monthly_batches,"{""id"": 919}",,,,,,False,
extra_in_database,monthly_batches,"{""id"": 920}",,,,,,False,
extra_in_database,monthly_batches,"{""id"": 921}",,,,,,False,
extra_in_database,monthly_batches,"{""id"": 922}",,,,,,False,
extra_in_database,monthly_batches,"{""id"": 923}",,,,,,False,
extra_in_database,monthly_batches,"{""id"": 924}",,,,,,False,
extra_in_database,monthly_batches,"{""id"": 925}",,,,,,False,
extra_in_database,monthly_batches,"{""id"": 926}",,,,,,False,
extra_in_database,monthly_batches,"{""id"": 927}",,,,,,False,
extra_in_database,monthly_batches,"{""id"": 928}",,,,,,False,
extra_in_database,monthly_batches,"{""id"": 929}",,,,,,False,
extra_in_database,monthly_batches,"{""id"": 930}",,,,,,False,
extra_in_database,monthly_batches,"{""id"": 931}",,,,,,False,
extra_in_database,monthly_batches,"{""id"": 932}",,,,,,False,
extra_in_database,monthly_batches,"{""id"": 933}",,,,,,False,
extra_in_database,monthly_batches,"{""id"": 934}",,,,,,False,
extra_in_database,monthly_batches,"{""id"": 935}",,,,,,False,
extra_in_database,monthly_batches,"{""id"": 936}",,,,,,False,
extra_in_database,monthly_batches,"{""id"": 937}",,,,,,False,
extra_in_database,monthly_batches,"{""id"": 938}",,,,,,False,
extra_in_database,monthly_batches,"{""id"": 939}",,,,,,False,
extra_in_database,monthly_batches,"{""id"": 940}",,,,,,False,
extra_in_database,monthly_batches,"{""id"": 941}",,,,,,False,
extra_in_database,monthly_batches,"{""id"": 942}",,,,,,False,
extra_in_database,monthly_batches,"{""id"": 943}",,,,,,False,
extra_in_database,monthly_batches,"{""id"": 944}",,,,,,False,
extra_in_database,monthly_batches,"{""id"": 945}",,,,,,False,
extra_in_database,monthly_batches,"{""id"": 946}",,,,,,False,
extra_in_database,monthly_batches,"{""id"": 947}",,,,,,False,
extra_in_database,monthly_batches,"{""id"": 948}",,,,,,False,
extra_in_database,monthly_batches,"{""id"": 949}",,,,,,False,
extra_in_database,monthly_batches,"{""id"": 950}",,,,,,False,
extra_in_database,monthly_batches,"{""id"": 951}",,,,,,False,
extra_in_database,monthly_batches,"{""id"": 952}",,,,,,False,
extra_in_database,monthly_batches,"{""id"": 953}",,,,,,False,
extra_in_database,monthly_batches,"{""id"": 954}",,,,,,False,
extra_in_database,monthly_batches,"{""id"": 955}",,,,,,False,
extra_in_database,monthly_batches,"{""id"": 956}",,,,,,False,
extra_in_database,monthly_batches,"{""id"": 957}",,,,,,False,
extra_in_database,monthly_batches,"{""id"": 958}",,,,,,False,
extra_in_database,monthly_batches,"{""id"": 959}",,,,,,False,
extra_in_database,monthly_batches,"{""id"": 960}",,,,,,False,
extra_in_database,monthly_batches,"{""id"": 961}",,,,,,False,
extra_in_database,monthly_batches,"{""id"": 962}",,,,,,False,
extra_in_database,monthly_batches,"{""id"": 963}",,,,,,False,
extra_in_database,monthly_batches,"{""id"": 964}",,,,,,False,
extra_in_database,monthly_batches,"{""id"": 965}",,,,,,False,
extra_in_database,monthly_batches,"{""id"": 966}",,,,,,False,
extra_in_database,monthly_batches,"{""id"": 967}",,,,,,False,
extra_in_database,monthly_batches,"{""id"": 968}",,,,,,False,
extra_in_database,monthly_batches,"{""id"": 969}",,,,,,False,
extra_in_database,monthly_batches,"{""id"": 970}",,,,,,False,
extra_in_database,monthly_batches,"{""id"": 971}",,,,,,False,
extra_in_database,monthly_batches,"{""id"": 972}",,,,,,False,
extra_in_database,monthly_batches,"{""id"": 973}",,,,,,False,
extra_in_database,monthly_batches,"{""id"": 974}",,,,,,False,
extra_in_database,monthly_batches,"{""id"": 975}",,,,,,False,
extra_in_database,monthly_batches,"{""id"": 976}",,,,,,False,
extra_in_database,monthly_batches,"{""id"": 977}",,,,,,False,
extra_in_database,monthly_batches,"{""id"": 978}",,,,,,False,
extra_in_database,monthly_batches,"{""id"": 979}",,,,,,False,
extra_in_database,monthly_batches,"{""id"": 980}",,,,,,False,
extra_in_database,monthly_batches,"{""id"": 981}",,,,,,False,
extra_in_database,monthly_batches,"{""id"": 982}",,,,,,False,
extra_in_database,monthly_batches,"{""id"": 983}",,,,,,False,
extra_in_database,monthly_batches,"{""id"": 984}",,,,,,False,
extra_in_database,monthly_batches,"{""id"": 985}",,,,,,False,
extra_in_database,monthly_batches,"{""id"": 986}",,,,,,False,
extra_in_database,monthly_batches,"{""id"": 987}",,,,,,False,
extra_in_database,monthly_batches,"{""id"": 988}",,,,,,False,
extra_in_database,monthly_batches,"{""id"": 989}",,,,,,False,
extra_in_database,monthly_batches,"{""id"": 990}",,,,,,False,
extra_in_database,monthly_batches,"{""id"": 991}",,,,,,False,
extra_in_database,monthly_batches,"{""id"": 992}",,,,,,False,
extra_in_database,monthly_batches,"{""id"": 993}",,,,,,False,
extra_in_database,monthly_batches,"{""id"": 994}",,,,,,False,
extra_in_database,monthly_batches,"{""id"": 995}",,,,,,False,
extra_in_database,monthly_batches,"{""id"": 996}",,,,,,False,
extra_in_database,monthly_batches,"{""id"": 997}",,,,,,False,
extra_in_database,monthly_batches,"{""id"": 998}",,,,,,False,
extra_in_database,monthly_batches,"{""id"": 999}",,,,,,False,
extra_in_database,monthly_batches,"{""id"": 1000}",,,,,,False,
extra_in_database,monthly_batches,"{""id"": 1001}",,,,,,False,
extra_in_database,monthly_batches,"{""id"": 1002}",,,,,,False,
extra_in_database,monthly_batches,"{""id"": 1003}",,,,,,False,
extra_in_database,monthly_batches,"{""id"": 1004}",,,,,,False,
extra_in_database,monthly_batches,"{""id"": 1005}",,,,,,False,
extra_in_database,monthly_batches,"{""id"": 1006}",,,,,,False,
extra_in_database,monthly_batches,"{""id"": 1007}",,,,,,False,
extra_in_database,monthly_batches,"{""id"": 1008}",,,,,,False,
extra_in_database,monthly_batches,"{""id"": 1009}",,,,,,False,
extra_in_database,monthly_batches,"{""id"": 1010}",,,,,,False,
extra_in_database,monthly_batches,"{""id"": 1011}",,,,,,False,
extra_in_database,monthly_batches,"{""id"": 1012}",,,,,,False,
extra_in_database,monthly_batches,"{""id"": 1013}",,,,,,False,
extra_in_database,monthly_batches,"{""id"": 1014}",,,,,,False,
extra_in_database,monthly_batches,"{""id"": 1015}",,,,,,False,
extra_in_database,monthly_batches,"{""id"": 1016}",,,,,,False,
extra_in_database,monthly_batches,"{""id"": 1017}",,,,,,False,
extra_in_database,monthly_batches,"{""id"": 1018}",,,,,,False,
extra_in_database,monthly_batches,"{""id"": 1019}",,,,,,False,
extra_in_database,monthly_batches,"{""id"": 1020}",,,,,,False,
extra_in_database,monthly_batches,"{""id"": 1021}",,,,,,False,
extra_in_database,monthly_batches,"{""id"": 1022}",,,,,,False,
extra_in_database,monthly_batches,"{""id"": 1023}",,,,,,False,
extra_in_database,monthly_batches,"{""id"": 1024}",,,,,,False,
extra_in_database,monthly_batches,"{""id"": 1025}",,,,,,False,
extra_in_database,monthly_batches,"{""id"": 1026}",,,,,,False,
extra_in_database,monthly_batches,"{""id"": 1027}",,,,,,False,
extra_in_database,monthly_batches,"{""id"": 1028}",,,,,,False,
extra_in_database,monthly_batches,"{""id"": 1029}",,,,,,False,
extra_in_database,monthly_batches,"{""id"": 1030}",,,,,,False,
extra_in_database,monthly_batches,"{""id"": 1031}",,,,,,False,
extra_in_database,monthly_batches,"{""id"": 1032}",,,,,,False,
extra_in_database,monthly_batches,"{""id"": 1033}",,,,,,False,
extra_in_database,monthly_batches,"{""id"": 1034}",,,,,,False,
extra_in_database,monthly_batches,"{""id"": 1035}",,,,,,False,
extra_in_database,monthly_batches,"{""id"": 1036}",,,,,,False,
extra_in_database,monthly_batches,"{""id"": 1037}",,,,,,False,
extra_in_database,monthly_batches,"{""id"": 1038}",,,,,,False,
extra_in_database,monthly_batches,"{""id"": 1039}",,,,,,False,
extra_in_database,monthly_batches,"{""id"": 1040}",,,,,,False,
extra_in_database,monthly_batches,"{""id"": 1041}",,,,,,False,
extra_in_database,monthly_batches,"{""id"": 1042}",,,,,,False,
extra_in_database,monthly_batches,"{""id"": 1043}",,,,,,False,
extra_in_database,monthly_batches,"{""id"": 1044}",,,,,,False,
extra_in_database,monthly_batches,"{""id"": 1045}",,,,,,False,
extra_in_database,monthly_batches,"{""id"": 1046}",,,,,,False,
extra_in_database,monthly_batches,"{""id"": 1047}",,,,,,False,
extra_in_database,monthly_batches,"{""id"": 1048}",,,,,,False,
extra_in_database,monthly_batches,"{""id"": 1049}",,,,,,False,
extra_in_database,monthly_batches,"{""id"": 1050}",,,,,,False,
extra_in_database,monthly_batches,"{""id"": 1051}",,,,,,False,
extra_in_database,monthly_batches,"{""id"": 1052}",,,,,,False,
extra_in_database,monthly_batches,"{""id"": 1053}",,,,,,False,
extra_in_database,monthly_batches,"{""id"": 1054}",,,,,,False,
extra_in_database,monthly_batches,"{""id"": 1055}",,,,,,False,
extra_in_database,monthly_batches,"{""id"": 1056}",,,,,,False,
extra_in_database,monthly_batches,"{""id"": 1057}",,,,,,False,
extra_in_database,monthly_batches,"{""id"": 1058}",,,,,,False,
extra_in_database,monthly_batches,"{""id"": 1059}",,,,,,False,
extra_in_database,monthly_batches,"{""id"": 1060}",,,,,,False,
extra_in_database,monthly_batches,"{""id"": 1061}",,,,,,False,
extra_in_database,monthly_batches,"{""id"": 1062}",,,,,,False,
extra_in_database,monthly_batches,"{""id"": 1063}",,,,,,False,
extra_in_database,monthly_batches,"{""id"": 1064}",,,,,,False,
extra_in_database,monthly_batches,"{""id"": 1065}",,,,,,False,
extra_in_database,monthly_batches,"{""id"": 1066}",,,,,,False,
extra_in_database,monthly_batches,"{""id"": 1067}",,,,,,False,
extra_in_database,monthly_batches,"{""id"": 1068}",,,,,,False,
extra_in_database,monthly_batches,"{""id"": 1069}",,,,,,False,
extra_in_database,monthly_batches,"{""id"": 1070}",,,,,,False,
extra_in_database,monthly_batches,"{""id"": 1071}",,,,,,False,
extra_in_database,monthly_batches,"{""id"": 1072}",,,,,,False,
extra_in_database,monthly_batches,"{""id"": 1073}",,,,,,False,
extra_in_database,monthly_batches,"{""id"": 1074}",,,,,,False,
extra_in_database,monthly_batches,"{""id"": 1075}",,,,,,False,
extra_in_database,monthly_batches,"{""id"": 1076}",,,,,,False,
extra_in_database,monthly_batches,"{""id"": 1077}",,,,,,False,
extra_in_database,monthly_batches,"{""id"": 1078}",,,,,,False,
extra_in_database,monthly_batches,"{""id"": 1079}",,,,,,False,
extra_in_database,monthly_batches,"{""id"": 1080}",,,,,,False,
extra_in_database,monthly_batches,"{""id"": 1081}",,,,,,False,
extra_in_database,monthly_batches,"{""id"": 1082}",,,,,,False,
extra_in_database,monthly_batches,"{""id"": 1083}",,,,,,False,
extra_in_database,monthly_batches,"{""id"": 1084}",,,,,,False,
extra_in_database,monthly_batches,"{""id"": 1085}",,,,,,False,
extra_in_database,monthly_batches,"{""id"": 1086}",,,,,,False,
extra_in_database,monthly_batches,"{""id"": 1087}",,,,,,False,
extra_in_database,monthly_batches,"{""id"": 1088}",,,,,,False,
extra_in_database,monthly_batches,"{""id"": 1089}",,,,,,False,
extra_in_database,monthly_batches,"{""id"": 1090}",,,,,,False,
extra_in_database,monthly_batches,"{""id"": 1091}",,,,,,False,
extra_in_database,monthly_batches,"{""id"": 1092}",,,,,,False,
extra_in_database,monthly_batches,"{""id"": 1093}",,,,,,False,
extra_in_database,monthly_batches,"{""id"": 1094}",,,,,,False,
extra_in_database,monthly_batches,"{""id"": 1095}",,,,,,False,
extra_in_database,monthly_batches,"{""id"": 1096}",,,,,,False,
extra_in_database,monthly_batches,"{""id"": 1097}",,,,,,False,
extra_in_database,monthly_batches,"{""id"": 1098}",,,,,,False,
extra_in_database,monthly_batches,"{""id"": 1099}",,,,,,False,
extra_in_database,monthly_batches,"{""id"": 1100}",,,,,,False,
extra_in_database,monthly_batches,"{""id"": 1101}",,,,,,False,
extra_in_database,monthly_batches,"{""id"": 1102}",,,,,,False,
extra_in_database,monthly_batches,"{""id"": 1103}",,,,,,False,
